编号,商品名称,颜色,单价,数量,小计,图片链接
3701,"适用乐高3701国产积木科技零配散件 370126 黑色 1x4带3孔砖","黄色",0.13,1,0.13,https://gw.alicdn.com/imgextra/i1/733216778/O1CN01ih92vJ1zwNLAmDvOi_!!733216778.jpg
32140,"适用乐高32140国产积木科技零配散件3214026黑 2x4孔臂","黄色",0.09,2,0.18,https://gw.alicdn.com/imgextra/i4/733216778/O1CN01uaTicM1zwNLHHGvE0_!!733216778.jpg
40490,"适用乐高40490国产积木科技零配散件64289黑4645732 1x9孔臂","黄色",0.15,2,0.30,https://gw.alicdn.com/imgextra/i3/733216778/O1CN018s5rzC1zwNKzmGblY_!!733216778.jpg
32065,"适用乐高32065国产积木科技零配散件4114295黑1x7孔臂薄","黄色",0.15,2,0.30,https://gw.alicdn.com/imgextra/i4/733216778/O1CN01VZbW4A1zwNL4Rq5Pr_!!733216778.jpg
32524,"适用乐高32524国产积木科技零配散件4495930浅灰 4495935 1x7孔臂","黄色",0.14,3,0.42,https://gw.alicdn.com/imgextra/i4/733216778/O1CN01egC0hn1zwNKzmMBA0_!!733216778.jpg
32017,"适用乐高32017国产积木科技零配散件4211554 浅灰 1x5臂薄","黄色",0.09,2,0.18,https://gw.alicdn.com/imgextra/i2/733216778/O1CN01y9yMtM1zwNL6ZM2Bu_!!733216778.jpg
32316,"适用乐高32316国产积木科技零配散件4211651 1x5带孔臂 浅灰色","黄色",0.09,5,0.45,https://gw.alicdn.com/imgextra/i3/733216778/O1CN01SRu5jf1zwNL9Pj5x1_!!733216778.jpg
32523,"适用乐高32523国产积木科技零配散件4142822黑色1x3孔臂","黄色",0.05,1,0.05,https://gw.alicdn.com/imgextra/i1/733216778/O1CN01h00kfi1zwNKzmURFM_!!733216778.jpg
32009,"适用乐高32009国产积木科技零配散件4495412白11.5弯带孔臂","黄色",0.21,2,0.42,https://gw.alicdn.com/imgextra/i4/733216778/O1CN0152WlPh1zwNLGPkKWq_!!733216778.jpg
6536,"适用乐高6536国产积木科技零配散件4211775浅灰 1x2轴栓连接","黄色",0.06,2,0.12,https://gw.alicdn.com/imgextra/i3/733216778/O1CN01uBWNtS1zwNLFBMGFI_!!733216778.jpg
1,"适用乐高1x8小颗粒矮砖拼装基础件3460 国产积木零件配件","米黄色（1个）",0.1,1,0.10,https://gw.alicdn.com/imgextra/i3/733216778/O1CN01oOXGRN1zwNP4mIb5x_!!733216778.jpg
6141,"适用乐高6141国产积木科技零配散件614126黑色 1x1 小圆板","透明橙（1个）",0.02,2,0.04,https://gw.alicdn.com/imgextra/i1/733216778/O1CN01KjGhzX1zwNME0B7a6_!!733216778.jpg
3023,"适用乐高3023国产积木科技零配散件302326黑色 1x2 基础板","透明红色[1个]",0.03,2,0.06,https://gw.alicdn.com/imgextra/i2/733216778/O1CN01SNT69Q1zwNP4i5umn_!!733216778.jpg
32556,"适用乐高32556国产科技积木零配散件4514554米黄浅灰1x3栓(光滑)","米黄色",0.04,2,0.08,https://gw.alicdn.com/imgextra/i1/733216778/O1CN01OhGSF51zwNZAKsB0w_!!4611686018427379722-0-item_pic.jpg
32002,"适用乐高32002国产科技积木零配散件4211050深灰米黄3/4栓(光滑)","深灰色",0.03,5,0.15,https://gw.alicdn.com/imgextra/i4/733216778/O1CN01pJ9pBS1zwNKdEOW3d_!!733216778.jpg
32198,"适用乐高32198国产积木科技零配散件6031962米黄浅灰黑色20齿齿轮","浅灰色",0.08,2,0.16,https://gw.alicdn.com/imgextra/i1/733216778/O1CN01ymrZHb1zwNL9nAxce_!!733216778.jpg
6589,"适用乐高6589国产科技积木零配散件4565452米黄12齿齿轮","米黄色",0.04,6,0.24,https://gw.alicdn.com/imgextra/i3/733216778/O1CN01vAmrrJ1zwNZCNgiEE_!!4611686018427379722-0-item_pic.jpg
3749,"适用乐高3749科技积木零配散件4666579米黄6562浅灰1x2轴连拴光滑","米黄色",0.04,2,0.08,https://gw.alicdn.com/imgextra/i4/733216778/O1CN018gUjR51zwNZ3s8vC5_!!4611686018427379722-0-item_pic.jpg
99008,"适用乐高99008国产科技积木零配散件4666999米黄色 1x4轴带截止","米黄色",0.08,4,0.32,https://gw.alicdn.com/imgextra/i1/733216778/O1CN014n6V4F1zwNZBpWTnW_!!4611686018427379722-0-item_pic.jpg
32062,"适用乐高32062国产科技积木零配散件4142865红3206226黑1x2限位轴","红色",0.03,18,0.54,https://gw.alicdn.com/imgextra/i1/733216778/O1CN01uy0ISH1zwNL84zHoL_!!733216778.jpg
61903,"适用乐高61903国产积木科技零配散件62520c01浅灰 1x3万向节","[现货]61903浅灰色[1套]",0.15,2,0.30,https://gw.alicdn.com/imgextra/i3/733216778/O1CN01MWrjPt1zwNSnVuFEl_!!0-item_pic.jpg
3673,"适用乐高3673国产科技积木零配散件4211807浅灰 1x2栓(光滑)","浅灰色",0.03,4,0.12,https://gw.alicdn.com/imgextra/i2/733216778/O1CN018rFmMI1zwNKbe4q59_!!733216778.jpg
32054,"适用乐高32054国产科技积木零配散件4140801黑4140806红浅灰1x3栓","黑色",0.06,8,0.48,https://gw.alicdn.com/imgextra/i3/733216778/O1CN01La6fqt1zwNKyyJ1sM_!!733216778.jpg
62462,"适用乐高62462国产积木科技零配散件4526982黑4526985灰1x2栓连接","浅灰色",0.09,3,0.27,https://gw.alicdn.com/imgextra/i2/733216778/O1CN01XgIr6c1zwNL7AFAcf_!!733216778.jpg
4274,"适用乐高4274国产科技积木零配散件4211483浅灰4143005蓝色3/4栓","随机色[1个]",0.04,1,0.04,https://gw.alicdn.com/imgextra/i4/733216778/O1CN01fjYY5W1zwNLiyAlDK_!!733216778.jpg
4612100,"适用乐高4612100国产科技积木零配散件92693c01小号推杆伸缩组件","小推杆",1.2,1,1.20,https://gw.alicdn.com/imgextra/i1/733216778/O1CN01EOAzcC1zwN1Y8uM7r_!!733216778.jpg
32123,"适用乐高32123国产积木科技零配散件4211573浅灰4265c黄红 轴套","浅灰色",0.03,3,0.09,https://gw.alicdn.com/imgextra/i4/733216778/O1CN01bRzN6A1zwNL9LU7Tw_!!733216778.jpg
3713,"适用乐高3713国产积木科技零配散件4211622灰4227155红6590轴套","浅灰色",0.04,3,0.12,https://gw.alicdn.com/imgextra/i2/733216778/O1CN01QXzPAR1zwNLDM3NUD_!!733216778.jpg
32063,"适用乐高32063国产积木科技零配散件4114634黑 4211586 1x6臂薄","浅灰色",0.09,1,0.09,https://gw.alicdn.com/imgextra/i1/733216778/O1CN01sdunZU1zwNLFEkOTX_!!733216778.jpg
32523,"适用乐高32523国产积木科技零配散件4142822黑色1x3孔臂","浅灰色",0.05,1,0.05,https://gw.alicdn.com/imgextra/i4/733216778/O1CN010j3OKc1zwNL5rcPDe_!!733216778.jpg
60485,"适用乐高60485国产科技积木零配散件4535768浅灰6130010黑色1x9轴","浅灰色",0.11,1,0.11,https://gw.alicdn.com/imgextra/i4/733216778/O1CN01Vn3gwF1zwNL3h2oCu_!!733216778.jpg
44294,"适用乐高44294国产科技积木零配散件44294194浅灰6130009黄1x7轴","浅灰色",0.08,2,0.16,https://gw.alicdn.com/imgextra/i3/733216778/O1CN01jYTvgp1zwNKyyouor_!!733216778.jpg
32073,"适用乐高32073国产科技积木零配散件4211639浅灰 6130008黑1x5轴","浅灰色",0.05,3,0.15,https://gw.alicdn.com/imgextra/i2/733216778/O1CN01LCVDG51zwNL7zSxpw_!!733216778.jpg
4519,"适用乐高4519国产科技积木零配散件4211815浅灰黑色十字轴 1x3轴","浅灰色",0.04,14,0.56,https://gw.alicdn.com/imgextra/i3/733216778/O1CN01JBTKol1zwNLC0coFi_!!733216778.jpg
8883,"适用乐高8883马达 EV3积木电机9686电池盒8881国产APP遥控接收器","中号M马达（5代）",9,2,18.00,https://gw.alicdn.com/imgextra/i4/733216778/O1CN01G2Q8HZ1zwNLXgtQG1_!!733216778.jpg
15462,"适用乐高15462国产科技积木零配散件6055631深米红棕 1x5轴带截止","随机色",0.05,1,0.05,https://gw.alicdn.com/imgextra/i2/733216778/O1CN01zLP3jP1zwNZBD8MSk_!!4611686018427379722-0-item_pic.jpg
6587,"适用乐高6587国产科技积木零配散件6031821米13670灰1x3轴带截止","随机色",0.06,1,0.06,https://gw.alicdn.com/imgextra/i4/733216778/O1CN01o3AWNJ1zwNZ92RkXo_!!4611686018427379722-0-item_pic.jpg
32557,"适用乐高32557国产积木科技零配散件4143466黑2x3栓连接","深灰色",0.1,3,0.30,https://gw.alicdn.com/imgextra/i3/733216778/O1CN01LvStN11zwNL9MR8Ci_!!733216778.jpg
3647,"适用乐高3647国产科技积木零配散件4514559浅灰 深灰 8齿齿轮","随机色",0.04,2,0.08,https://gw.alicdn.com/imgextra/i1/733216778/O1CN01BtaBpv1zwNZAKsNTw_!!4611686018427379722-0-item_pic.jpg
3648,"适用乐高3648国产积木科技零配散件4514558深灰24505黑 24齿齿轮","深灰色",0.15,8,1.20,https://gw.alicdn.com/imgextra/i4/733216778/O1CN01P37FdC1zwNM4XqE4Y_!!733216778.jpg
60484,"适用乐高60484国产积木科技零配散件4552348浅灰T型孔臂","深灰色",0.12,1,0.12,https://gw.alicdn.com/imgextra/i4/733216778/O1CN01IFlfCh1zwNL5r9TBo_!!733216778.jpg
32056,"适用乐高32056国产积木科技零配散件 4112287黑 3x3L臂薄","深灰色",0.08,1,0.08,https://gw.alicdn.com/imgextra/i3/733216778/O1CN01QRPrAr1zwNKdHQHi8_!!733216778.png
32271,"适用乐高32271国产积木科技零配件4140327 1x9(3x7)带轴栓孔弯臂","深灰色",0.2,2,0.40,https://gw.alicdn.com/imgextra/i1/733216778/O1CN01unbW8q1zwNL8rj4Ok_!!733216778.jpg
6629,"适用乐高6629国产积木科技零配散件4254591红 4182884黑6x4孔臂","深灰色",0.22,2,0.44,https://gw.alicdn.com/imgextra/i4/733216778/O1CN01IJiphC1zwNLCma7ia_!!733216778.jpg
32524,"适用乐高32524国产积木科技零配散件4495930浅灰 4495935 1x7孔臂","深灰色",0.14,2,0.28,https://gw.alicdn.com/imgextra/i3/733216778/O1CN01rsVrfu1zwNL4TooHF_!!733216778.jpg
32316,"适用乐高32316国产积木科技零配散件4211651 1x5带孔臂 浅灰色","深灰色",0.09,3,0.27,https://gw.alicdn.com/imgextra/i2/733216778/O1CN01Q5fpJ01zwNLC0KCy9_!!733216778.jpg
32449,"适用乐高32449国产积木科技零配散件3244926 4142236黑1x4臂薄","深灰色",0.08,2,0.16,https://gw.alicdn.com/imgextra/i3/733216778/O1CN01b7hnhf1zwNLEZis8e_!!733216778.jpg
6632,"适用乐高6632国产积木科技零配散件663226黑色 1x3带孔薄臂","深灰色",0.05,2,0.10,https://gw.alicdn.com/imgextra/i3/733216778/O1CN01t529Ul1zwNLDTluv4_!!733216778.jpg
41677,"适用乐高41677国产积木科技零配散件 416772黑 1x2臂薄","深灰色",0.04,4,0.16,https://gw.alicdn.com/imgextra/i4/733216778/O1CN01soWmJA1zwNLDTpXl5_!!733216778.jpg
32278,"适用乐高32278国产积木科技零配散件64871黑4542576 1x15 带孔臂","深灰色",0.27,2,0.54,https://gw.alicdn.com/imgextra/i3/733216778/O1CN01KfWiee1zwNLAo9ANT_!!733216778.jpg
6536,"适用乐高6536国产积木科技零配散件4211775浅灰 1x2轴栓连接","深灰色",0.06,1,0.06,https://gw.alicdn.com/imgextra/i2/733216778/O1CN012i3uhO1zwNLFpejpV_!!733216778.jpg
61904,"适用乐高61904国产积木科技零配散件4528038深灰 推杆连接头","深灰色（1个）",0.45,2,0.90,https://gw.alicdn.com/imgextra/i2/733216778/O1CN01zw2a8N1zwNZASRqNF_!!4611686018427379722-0-item_pic.jpg
11214,"适用乐高11214国产科技积木零配散件6015356深灰 1x3连接件轴连拴","深灰色",0.05,11,0.55,https://gw.alicdn.com/imgextra/i3/733216778/O1CN01tCmqLk1zwNKZLLB7j_!!733216778.jpg
59443,"适用乐高59443国产积木科技零配散件4512363黑6538c灰 1x2轴连接","深灰色",0.07,3,0.21,https://gw.alicdn.com/imgextra/i4/733216778/O1CN01CFVwYq1zwNLHqJzfU_!!733216778.jpg
32209,"适用乐高32209国产科技积木零配散件59426深灰 1x5.5轴带截止","深灰色",0.11,2,0.22,https://gw.alicdn.com/imgextra/i2/733216778/O1CN01ueDY6j1zwNL5nfhvf_!!733216778.jpg
87083,"适用乐高87083国产科技积木零配散件6083620深灰色 1x4轴带截止","随机色",0.06,1,0.06,https://gw.alicdn.com/imgextra/i3/733216778/O1CN01TMmSik1zwNSkwwdWg_!!0-item_pic.jpg
2780,"适用乐高2780 国产科技积木零配散件 1x2标准栓 摩擦销 4121715","黑色",0.03,46,1.38,https://gw.alicdn.com/imgextra/i3/733216778/O1CN01ksbElt1zwNKXBw13I_!!733216778.png
87408,"适用乐高87408国产积木科技零配散件4558692黑 3x3栓连接","黑色",0.25,4,1.00,https://gw.alicdn.com/imgextra/i2/733216778/O1CN012Leve01zwNLCZFQRH_!!733216778.jpg
87082,"适用乐高87082国产积木科技零配散件4560175黑1x3栓连接件","黑色",0.09,2,0.18,https://gw.alicdn.com/imgextra/i4/733216778/O1CN01nZRptD1zwNLCaaCmR_!!733216778.jpg
15379,"适用乐高15379国产积木科技零配散件6047885  黑色3873中号车履带","黑色（1个）",0.06,80,4.80,https://gw.alicdn.com/imgextra/i1/733216778/O1CN01NrjxOK1zwNL0Upv7d_!!733216778.png
32270,"适用乐高32270国产积木科技零配散件4177431黑 12齿齿轮","黑色",0.05,4,0.20,https://gw.alicdn.com/imgextra/i2/733216778/O1CN01Au8w891zwNLFp4gx4_!!733216778.jpg
2951,"适用乐高2951国产积木科技零配散件8x10 黑色 挖掘机斗","[现货]2951黑色（1个）",2.6,1,2.60,https://gw.alicdn.com/imgextra/i1/733216778/O1CN01A4xpzc1zwNZCNgVlh_!!4611686018427379722-0-item_pic.jpg
3200026,"国产科技积木零配散件32000适用乐高3200026黑色 1x2 带两孔砖","黑色",0.12,2,0.24,https://gw.alicdn.com/imgextra/i1/733216778/O1CN014XuVPG1zwNLA96gch_!!733216778.jpg
32526,"适用乐高32526国产积木科技零配散件4211713黑3x5L型孔臂","黑色",0.12,6,0.72,https://gw.alicdn.com/imgextra/i2/733216778/O1CN01IorrY41zwNLHHDIPO_!!733216778.jpg
60484,"适用乐高60484国产积木科技零配散件4552348浅灰T型孔臂","黑色",0.12,2,0.24,https://gw.alicdn.com/imgextra/i4/733216778/O1CN01PbWctW1zwNLGQ7M4W_!!733216778.jpg
33299,"适用乐高33299国产积木科技零配散件4563044黑 4563045浅灰1x3摇","[现货]33299黑色（1个）",0.1,2,0.20,https://gw.alicdn.com/imgextra/i2/733216778/O1CN01TXE4Vs1zwNZA0a0Nz_!!4611686018427379722-0-item_pic.jpg
32140,"适用乐高32140国产积木科技零配散件3214026黑 2x4孔臂","黑色",0.09,5,0.45,https://gw.alicdn.com/imgextra/i3/733216778/O1CN01YZpxKu1zwNL9PD8gt_!!733216778.jpg
40490,"适用乐高40490国产积木科技零配散件64289黑4645732 1x9孔臂","黑色",0.15,4,0.60,https://gw.alicdn.com/imgextra/i3/733216778/O1CN01vXKH5k1zwNLCn3Wgz_!!733216778.jpg
32524,"适用乐高32524国产积木科技零配散件4495930浅灰 4495935 1x7孔臂","黑色",0.14,5,0.70,https://gw.alicdn.com/imgextra/i1/733216778/O1CN01BSwS071zwNL4ToTUZ_!!733216778.jpg
32449,"适用乐高32449国产积木科技零配散件3244926 4142236黑1x4臂薄","黑色",0.08,7,0.56,https://gw.alicdn.com/imgextra/i4/733216778/O1CN01JxED2h1zwNLFF9EVU_!!733216778.jpg
6632,"适用乐高6632国产积木科技零配散件663226黑色 1x3带孔薄臂","黑色",0.05,2,0.10,https://gw.alicdn.com/imgextra/i4/733216778/O1CN01ggSTNf1zwNLBykKK7_!!733216778.jpg
41677,"适用乐高41677国产积木科技零配散件 416772黑 1x2臂薄","黑色",0.04,4,0.16,https://gw.alicdn.com/imgextra/i4/733216778/O1CN01Qj8zmp1zwNLDTpPQz_!!733216778.jpg
32278,"适用乐高32278国产积木科技零配散件64871黑4542576 1x15 带孔臂","黑色",0.27,2,0.54,https://gw.alicdn.com/imgextra/i2/733216778/O1CN01niH2v21zwNLGQAyso_!!733216778.jpg
41239,"适用乐高41239国产积木科技零配散件4522938红4522933黑 1x13臂","黑色",0.23,2,0.46,https://gw.alicdn.com/imgextra/i2/733216778/O1CN01ixoDKZ1zwNL5rGBZ1_!!733216778.jpg
32291,"适用乐高32291国产积木科技零配散件4140430黑色 栓与轴连接 2x2","蓝色",0.09,5,0.45,https://gw.alicdn.com/imgextra/i3/733216778/O1CN01kahV7f1zwNL7BEzxj_!!733216778.jpg
32291,"适用乐高32291国产积木科技零配散件4140430黑色 栓与轴连接 2x2","黑色",0.09,2,0.18,https://gw.alicdn.com/imgextra/i2/733216778/O1CN013IyLY01zwNLAy2dTZ_!!733216778.jpg
32184,"适用乐高32184国产积木科技零配散件4211621浅灰1x3轴栓连接","黑色",0.1,5,0.50,https://gw.alicdn.com/imgextra/i3/733216778/O1CN01Ve27V51zwNL0MNsA3_!!733216778.jpg
6536,"适用乐高6536国产积木科技零配散件4211775浅灰 1x2轴栓连接","黑色",0.06,4,0.24,https://gw.alicdn.com/imgextra/i3/733216778/O1CN01nmP93H1zwNL53oQJB_!!733216778.jpg
32015,"适用乐高32015国产积木科技零配散件4107084黑4211551 5#轴栓连接","黑色",0.1,2,0.20,https://gw.alicdn.com/imgextra/i3/733216778/O1CN016CPNku1zwNL54BFNN_!!733216778.jpg
32192,"适用乐高32192国产积木科技零配散件4121610黑4210688 4#轴栓连接","黑色",0.1,2,0.20,https://gw.alicdn.com/imgextra/i3/733216778/O1CN01W3qeJW1zwNL6Rnhbl_!!733216778.jpg
32016,"适用乐高32016国产积木科技零配散件4107082黑4211552 3#轴栓连接","黑色",0.1,2,0.20,https://gw.alicdn.com/imgextra/i2/733216778/O1CN01YNThbH1zwNLHrbkTa_!!733216778.jpg
32034,"适用乐高32034国产积木科技零配散件4107783黑4211567灰 2#栓连接","黑色",0.1,4,0.40,https://gw.alicdn.com/imgextra/i4/733216778/O1CN01s2Apg11zwNL0N6zKe_!!733216778.jpg
32013,"适用乐高32013国产积木科技零配散件4107085黑4211550 1#轴栓连接","黑色",0.06,2,0.12,https://gw.alicdn.com/imgextra/i4/733216778/O1CN012VUbH71zwNLAya8R0_!!733216778.jpg
18651,"适用乐高18651国产科技积木零配散件6089119黑色 1x3插栓轴连拴","黑色",0.06,2,0.12,https://gw.alicdn.com/imgextra/i2/733216778/O1CN014AzpWp1zwNL7yidiX_!!733216778.jpg
32039,"适用乐高32039国产积木科技零配散件4107081黑色1x2轴交叉连接","随机色",0.09,2,0.18,https://gw.alicdn.com/imgextra/i2/733216778/O1CN01GKOSfU1zwNMAqAuIy_!!733216778.jpg
59443,"适用乐高59443国产积木科技零配散件4512363黑6538c灰 1x2轴连接","黑色",0.07,8,0.56,https://gw.alicdn.com/imgextra/i1/733216778/O1CN01G2IMXX1zwNL6QRB9l_!!733216778.jpg
3706,"适用乐高3706国产科技积木零配散件370626黑色 6130002浅灰1x6轴","黑色",0.06,6,0.36,https://gw.alicdn.com/imgextra/i1/733216778/O1CN01eS5jpY1zwNL3h93Dv_!!733216778.jpg
3705,"适用乐高3705国产科技积木零配散件370526黑色 6129995浅灰1x4轴","黑色",0.05,1,0.05,https://gw.alicdn.com/imgextra/i1/733216778/O1CN01zG0TTn1zwNKYcrYvK_!!733216778.jpg